{"cameraMode":{"drawMode":0,"name":"Shaded","section":"Shading Mode"},"sceneLighting":true,"audioPlay":false,"sceneViewState":{"m_AlwaysRefresh":false,"showFog":true,"showSkybox":true,"showFlares":true,"showImageEffects":true,"showParticleSystems":true,"showVisualEffectGraphs":true,"m_FxEnabled":true},"in2DMode":false,"pivot":{"x":-2.632500648498535,"y":1.331493854522705,"z":-0.8364758491516113},"rotation":{"x":-0.01387749332934618,"y":0.9852170944213867,"z":-0.14015498757362367,"w":-0.09755698591470719},"size":3.6566834449768068,"orthographic":false}